--
-- Скрипт сгенерирован Devart dbForge Studio for MySQL, Версия 6.3.358.0
-- Домашняя страница продукта: http://www.devart.com/ru/dbforge/mysql/studio
-- Дата скрипта: 29.10.2015 0:52:31
-- Версия сервера: 5.6.24-log
-- Версия клиента: 4.1
--


-- 
-- Отключение внешних ключей
-- 
/*!40014 SET @OLD_FOREIGN_KEY_CHECKS=@@FOREIGN_KEY_CHECKS, FOREIGN_KEY_CHECKS=0 */;

-- 
-- Установить режим SQL (SQL mode)
-- 
/*!40101 SET @OLD_SQL_MODE=@@SQL_MODE, SQL_MODE='NO_AUTO_VALUE_ON_ZERO' */;

-- 
-- Установка кодировки, с использованием которой клиент будет посылать запросы на сервер
--
SET NAMES 'utf8';

-- 
-- Установка базы данных по умолчанию
--
USE concerts;

--
-- Описание для таблицы access
--
DROP TABLE IF EXISTS access;
CREATE TABLE access (
  id INT(11) NOT NULL AUTO_INCREMENT,
  userType VARCHAR(50) DEFAULT NULL,
  note VARCHAR(50) DEFAULT NULL,
  operation VARCHAR(50) NOT NULL DEFAULT '',
  level INT(11) NOT NULL DEFAULT 0,
  city TINYINT(1) NOT NULL DEFAULT 1,
  concerts TINYINT(1) NOT NULL DEFAULT 1,
  contragent TINYINT(1) NOT NULL DEFAULT 1,
  country TINYINT(1) NOT NULL DEFAULT 1,
  events TINYINT(1) NOT NULL DEFAULT 1,
  expenditure_to_concerts TINYINT(1) NOT NULL DEFAULT 1,
  performers TINYINT(1) NOT NULL DEFAULT 1,
  performers_to_concerts TINYINT(1) NOT NULL DEFAULT 1,
  tickets TINYINT(1) NOT NULL DEFAULT 1,
  type_expenditure TINYINT(1) NOT NULL DEFAULT 1,
  users TINYINT(1) NOT NULL DEFAULT 1,
  reports TINYINT(1) NOT NULL DEFAULT 1,
  PRIMARY KEY (id)
)
ENGINE = INNODB
AUTO_INCREMENT = 13
AVG_ROW_LENGTH = 1365
CHARACTER SET utf8
COLLATE utf8_general_ci;

--
-- Описание для таблицы access_levels
--
DROP TABLE IF EXISTS access_levels;
CREATE TABLE access_levels (
  id INT(11) NOT NULL AUTO_INCREMENT,
  name VARCHAR(50) DEFAULT NULL,
  PRIMARY KEY (id)
)
ENGINE = INNODB
AUTO_INCREMENT = 4
AVG_ROW_LENGTH = 8192
CHARACTER SET utf8
COLLATE utf8_general_ci;

--
-- Описание для таблицы concerts
--
DROP TABLE IF EXISTS concerts;
CREATE TABLE concerts (
  id INT(11) NOT NULL AUTO_INCREMENT,
  name VARCHAR(50) DEFAULT NULL,
  date_concert VARCHAR(25) DEFAULT NULL,
  date_add TIMESTAMP NOT NULL DEFAULT CURRENT_TIMESTAMP ON UPDATE CURRENT_TIMESTAMP,
  date_edit DATETIME DEFAULT NULL,
  PRIMARY KEY (id)
)
ENGINE = INNODB
AUTO_INCREMENT = 8
AVG_ROW_LENGTH = 2730
CHARACTER SET utf8
COLLATE utf8_general_ci;

--
-- Описание для таблицы country
--
DROP TABLE IF EXISTS country;
CREATE TABLE country (
  id INT(11) NOT NULL AUTO_INCREMENT,
  name VARCHAR(50) DEFAULT NULL,
  date_add TIMESTAMP NOT NULL DEFAULT CURRENT_TIMESTAMP ON UPDATE CURRENT_TIMESTAMP,
  date_edit DATETIME DEFAULT NULL,
  PRIMARY KEY (id)
)
ENGINE = INNODB
AUTO_INCREMENT = 4
AVG_ROW_LENGTH = 5461
CHARACTER SET utf8
COLLATE utf8_general_ci;

--
-- Описание для таблицы events
--
DROP TABLE IF EXISTS events;
CREATE TABLE events (
  id INT(11) NOT NULL AUTO_INCREMENT,
  id_record INT(11) DEFAULT NULL,
  crud VARCHAR(25) DEFAULT NULL,
  entity VARCHAR(25) DEFAULT NULL,
  note VARCHAR(250) DEFAULT NULL,
  id_user INT(11) DEFAULT NULL,
  date_add TIMESTAMP NOT NULL DEFAULT CURRENT_TIMESTAMP ON UPDATE CURRENT_TIMESTAMP,
  date_edit DATETIME DEFAULT NULL,
  PRIMARY KEY (id)
)
ENGINE = INNODB
AUTO_INCREMENT = 484
AVG_ROW_LENGTH = 163
CHARACTER SET utf8
COLLATE utf8_general_ci;

--
-- Описание для таблицы tickets
--
DROP TABLE IF EXISTS tickets;
CREATE TABLE tickets (
  id INT(11) NOT NULL AUTO_INCREMENT,
  id_concerts INT(11) DEFAULT NULL,
  type VARCHAR(50) DEFAULT NULL,
  price DECIMAL(19, 2) DEFAULT NULL,
  count_total INT(11) DEFAULT NULL,
  count_sales INT(11) DEFAULT NULL,
  note VARCHAR(255) DEFAULT NULL,
  date_add TIMESTAMP NOT NULL DEFAULT CURRENT_TIMESTAMP ON UPDATE CURRENT_TIMESTAMP,
  date_edit DATETIME DEFAULT NULL,
  PRIMARY KEY (id),
  CONSTRAINT FK_tickets_concerts_id FOREIGN KEY (id_concerts)
    REFERENCES concerts(id) ON DELETE CASCADE ON UPDATE CASCADE
)
ENGINE = INNODB
AUTO_INCREMENT = 4
AVG_ROW_LENGTH = 5461
CHARACTER SET utf8
COLLATE utf8_general_ci;

--
-- Описание для таблицы type_expenditure
--
DROP TABLE IF EXISTS type_expenditure;
CREATE TABLE type_expenditure (
  id INT(11) NOT NULL AUTO_INCREMENT,
  name VARCHAR(50) DEFAULT NULL,
  date_add TIMESTAMP NOT NULL DEFAULT CURRENT_TIMESTAMP ON UPDATE CURRENT_TIMESTAMP,
  date_edit DATETIME DEFAULT NULL,
  PRIMARY KEY (id)
)
ENGINE = INNODB
AUTO_INCREMENT = 8
AVG_ROW_LENGTH = 2340
CHARACTER SET utf8
COLLATE utf8_general_ci;

--
-- Описание для таблицы city
--
DROP TABLE IF EXISTS city;
CREATE TABLE city (
  id INT(11) NOT NULL AUTO_INCREMENT,
  name VARCHAR(50) DEFAULT NULL,
  id_country INT(11) DEFAULT NULL,
  date_add TIMESTAMP NOT NULL DEFAULT CURRENT_TIMESTAMP ON UPDATE CURRENT_TIMESTAMP,
  date_edit DATETIME DEFAULT NULL,
  PRIMARY KEY (id),
  CONSTRAINT FK_city_country_id FOREIGN KEY (id_country)
    REFERENCES country(id) ON DELETE CASCADE ON UPDATE CASCADE
)
ENGINE = INNODB
AUTO_INCREMENT = 5
AVG_ROW_LENGTH = 4096
CHARACTER SET utf8
COLLATE utf8_general_ci;

--
-- Описание для таблицы users
--
DROP TABLE IF EXISTS users;
CREATE TABLE users (
  id INT(11) NOT NULL AUTO_INCREMENT,
  login VARCHAR(255) DEFAULT NULL,
  name VARCHAR(50) DEFAULT NULL,
  phone VARCHAR(255) DEFAULT NULL,
  acess INT(11) NOT NULL DEFAULT 0,
  password VARCHAR(255) DEFAULT NULL,
  date_add TIMESTAMP NOT NULL DEFAULT CURRENT_TIMESTAMP ON UPDATE CURRENT_TIMESTAMP,
  date_edit DATETIME DEFAULT NULL,
  PRIMARY KEY (id),
  CONSTRAINT FK_users_access_levels_id FOREIGN KEY (acess)
    REFERENCES access_levels(id) ON DELETE RESTRICT ON UPDATE RESTRICT
)
ENGINE = INNODB
AUTO_INCREMENT = 7
AVG_ROW_LENGTH = 3276
CHARACTER SET utf8
COLLATE utf8_general_ci;

--
-- Описание для таблицы contragent
--
DROP TABLE IF EXISTS contragent;
CREATE TABLE contragent (
  id INT(11) NOT NULL AUTO_INCREMENT,
  name VARCHAR(50) DEFAULT NULL,
  id_city INT(11) DEFAULT NULL,
  adress VARCHAR(255) DEFAULT NULL,
  phone VARCHAR(255) DEFAULT NULL,
  note TEXT DEFAULT NULL,
  date_add TIMESTAMP NOT NULL DEFAULT CURRENT_TIMESTAMP ON UPDATE CURRENT_TIMESTAMP,
  date_edit DATETIME DEFAULT NULL,
  PRIMARY KEY (id),
  CONSTRAINT FK_contragent_city_id FOREIGN KEY (id_city)
    REFERENCES city(id) ON DELETE CASCADE ON UPDATE CASCADE
)
ENGINE = INNODB
AUTO_INCREMENT = 4
AVG_ROW_LENGTH = 5461
CHARACTER SET utf8
COLLATE utf8_general_ci;

--
-- Описание для таблицы performers
--
DROP TABLE IF EXISTS performers;
CREATE TABLE performers (
  id INT(11) NOT NULL AUTO_INCREMENT,
  name VARCHAR(50) DEFAULT NULL,
  id_city INT(11) DEFAULT NULL,
  adress VARCHAR(255) DEFAULT NULL,
  phone VARCHAR(255) DEFAULT NULL,
  note VARCHAR(255) DEFAULT NULL,
  date_add TIMESTAMP NOT NULL DEFAULT CURRENT_TIMESTAMP ON UPDATE CURRENT_TIMESTAMP,
  date_edit DATETIME DEFAULT NULL,
  PRIMARY KEY (id),
  CONSTRAINT FK_performers_city_id FOREIGN KEY (id_city)
    REFERENCES city(id) ON DELETE CASCADE ON UPDATE CASCADE
)
ENGINE = INNODB
AUTO_INCREMENT = 4
AVG_ROW_LENGTH = 5461
CHARACTER SET utf8
COLLATE utf8_general_ci;

--
-- Описание для таблицы expenditure_to_concerts
--
DROP TABLE IF EXISTS expenditure_to_concerts;
CREATE TABLE expenditure_to_concerts (
  id INT(11) NOT NULL AUTO_INCREMENT,
  id_concerts INT(11) DEFAULT NULL,
  id_type INT(11) DEFAULT NULL,
  id_contragent INT(11) DEFAULT NULL,
  total_price INT(11) NOT NULL DEFAULT 0,
  make_price INT(11) NOT NULL DEFAULT 0,
  note TEXT DEFAULT NULL,
  date_add TIMESTAMP NOT NULL DEFAULT CURRENT_TIMESTAMP ON UPDATE CURRENT_TIMESTAMP,
  date_edit DATETIME DEFAULT NULL,
  PRIMARY KEY (id),
  CONSTRAINT FK_expenditure_to_concerts_concerts_id FOREIGN KEY (id_concerts)
    REFERENCES concerts(id) ON DELETE CASCADE ON UPDATE CASCADE,
  CONSTRAINT FK_expenditure_to_concerts_contragent_id FOREIGN KEY (id_contragent)
    REFERENCES contragent(id) ON DELETE CASCADE ON UPDATE CASCADE,
  CONSTRAINT FK_expenditure_to_concerts_type_expenditure_id FOREIGN KEY (id_type)
    REFERENCES type_expenditure(id) ON DELETE CASCADE ON UPDATE CASCADE
)
ENGINE = INNODB
AUTO_INCREMENT = 5
AVG_ROW_LENGTH = 4096
CHARACTER SET utf8
COLLATE utf8_general_ci;

--
-- Описание для таблицы performers_to_concerts
--
DROP TABLE IF EXISTS performers_to_concerts;
CREATE TABLE performers_to_concerts (
  id INT(11) NOT NULL AUTO_INCREMENT,
  id_performers INT(11) NOT NULL,
  id_concerts INT(11) NOT NULL,
  price INT(11) NOT NULL DEFAULT 0,
  make_price INT(11) NOT NULL DEFAULT 0,
  date_add TIMESTAMP NOT NULL DEFAULT CURRENT_TIMESTAMP ON UPDATE CURRENT_TIMESTAMP,
  date_edit DATETIME DEFAULT NULL,
  PRIMARY KEY (id),
  CONSTRAINT FK_performers_to_concerts_concerts_id FOREIGN KEY (id_concerts)
    REFERENCES concerts(id) ON DELETE CASCADE ON UPDATE CASCADE,
  CONSTRAINT FK_performers_to_concerts_performers_id FOREIGN KEY (id_performers)
    REFERENCES performers(id) ON DELETE CASCADE ON UPDATE CASCADE
)
ENGINE = INNODB
AUTO_INCREMENT = 6
AVG_ROW_LENGTH = 3276
CHARACTER SET utf8
COLLATE utf8_general_ci;

-- 
-- Вывод данных для таблицы access
--
INSERT INTO access VALUES
(1, 'администратор', 'просмотр', 'select', 1, 1, 0, 1, 1, 1, 1, 1, 1, 1, 1, 1, 1),
(2, 'администратор', 'редактирование', 'update', 1, 1, 1, 1, 1, 1, 1, 1, 1, 1, 1, 1, 1),
(3, 'администратор', 'удаление', 'delete', 1, 1, 1, 1, 1, 1, 1, 1, 1, 1, 1, 1, 1),
(4, 'администратор', 'создание', 'create', 1, 1, 1, 1, 1, 1, 1, 1, 1, 1, 1, 1, 1),
(5, 'менеджер', 'просмотр', 'select', 2, 1, 1, 1, 1, 1, 1, 1, 1, 1, 1, 1, 1),
(6, 'менеджер', 'редактирование', 'update', 2, 1, 1, 1, 1, 1, 1, 1, 1, 1, 1, 1, 1),
(7, 'менеджер', 'удаление', 'delete', 2, 1, 1, 1, 1, 1, 1, 1, 1, 1, 1, 1, 1),
(8, 'менеджер', 'создание', 'create', 2, 1, 1, 1, 1, 1, 1, 1, 1, 1, 1, 1, 1),
(9, 'оператор', 'просмотр', 'select', 3, 1, 1, 1, 1, 1, 1, 1, 1, 1, 1, 1, 0),
(10, 'оператор', 'редактирование', 'update', 3, 1, 1, 1, 1, 1, 1, 1, 1, 1, 1, 1, 0),
(11, 'оператор', 'удаление', 'delete', 3, 1, 1, 1, 1, 1, 1, 1, 1, 1, 1, 1, 0),
(12, 'оператор', 'создание', 'create', 3, 1, 1, 1, 1, 1, 1, 1, 1, 1, 1, 1, 0);

-- 
-- Вывод данных для таблицы access_levels
--
INSERT INTO access_levels VALUES
(1, 'Администратор'),
(2, 'Менеджер'),
(3, 'Оператор');

-- 
-- Вывод данных для таблицы concerts
--
INSERT INTO concerts VALUES
(1, 'День города', '08.10.2015', '2015-10-27 23:30:41', '2015-10-27 23:30:41'),
(2, 'Открытие Таврия В', '08.10.2015', '2015-10-27 23:30:36', '2015-10-27 23:30:36'),
(3, 'Проведение выборов', '14.10.2015', '2015-10-27 23:30:32', '2015-10-27 23:30:32'),
(4, 'Закрытие Ибица', '15.10.2015', '2015-10-27 23:30:27', '2015-10-27 23:30:27'),
(5, 'цувцув', '08.10.2015', '2015-10-27 23:28:41', NULL),
(6, 'выы', '08.10.2015', '2015-10-27 23:31:25', '2015-10-27 23:31:25'),
(7, '2323уы23в', '17.10.2015', '2015-10-27 23:34:52', NULL);

-- 
-- Вывод данных для таблицы country
--
INSERT INTO country VALUES
(1, 'Украина', '2015-10-24 20:58:03', NULL),
(2, 'США', '2015-10-24 20:58:11', NULL),
(3, 'Германия', '2015-10-24 20:58:17', NULL);

-- 
-- Вывод данных для таблицы events
--
INSERT INTO events VALUES
(1, 0, 'select', 'events', 'all', 2, '2015-10-25 01:42:56', NULL),
(2, 0, 'select', 'users', 'all', 2, '2015-10-25 01:42:57', NULL),
(3, 0, 'select', 'events', 'all', 2, '2015-10-25 01:42:59', NULL),
(4, 0, 'select', 'concerts', 'all', 2, '2015-10-25 01:43:33', NULL),
(5, 0, 'select', 'performers_to_concerts', 'all', 2, '2015-10-25 01:43:47', NULL),
(6, 0, 'select', 'performers', 'all', 2, '2015-10-25 01:43:48', NULL),
(7, 0, 'select', 'concerts', 'all', 2, '2015-10-25 01:43:48', NULL),
(8, 0, 'select', 'performers_to_concerts', 'all', 2, '2015-10-25 01:43:55', NULL),
(9, 0, 'select', 'performers', 'all', 2, '2015-10-25 01:43:55', NULL),
(10, 0, 'select', 'concerts', 'all', 2, '2015-10-25 01:43:55', NULL),
(11, 0, 'select', 'users', 'login', 2, '2015-10-25 03:43:42', NULL),
(12, 0, 'select', 'concerts', 'all', 2, '2015-10-25 03:43:46', NULL),
(13, 0, 'select', 'performers_to_concerts', 'all', 2, '2015-10-25 03:43:48', NULL),
(14, 0, 'select', 'performers', 'all', 2, '2015-10-25 03:43:50', NULL),
(15, 0, 'select', 'contragent', 'all', 2, '2015-10-25 03:43:53', NULL),
(16, 0, 'select', 'users', 'all', 2, '2015-10-25 03:43:55', NULL),
(17, 0, 'select', 'expenditure_to_concerts', 'all', 2, '2015-10-25 03:43:57', NULL),
(18, 0, 'select', 'country', 'all', 2, '2015-10-25 03:44:00', NULL),
(19, 0, 'select', 'events', 'all', 2, '2015-10-25 03:44:03', NULL),
(20, 0, 'select', 'users', 'login', 2, '2015-10-25 10:41:29', NULL),
(21, 0, 'select', 'users', 'login', 2, '2015-10-25 10:58:13', NULL),
(22, 0, 'select', 'performers_to_concerts', 'all', 2, '2015-10-25 10:58:15', NULL),
(23, 0, 'select', 'performers', 'all', 2, '2015-10-25 10:58:15', NULL),
(24, 0, 'select', 'concerts', 'all', 2, '2015-10-25 10:58:16', NULL),
(25, 0, 'select', 'users', 'login', 2, '2015-10-25 11:41:05', NULL),
(26, 0, 'select', 'users', 'login', 2, '2015-10-25 11:42:00', NULL),
(27, 0, 'select', 'users', 'login', 2, '2015-10-25 11:44:21', NULL),
(28, 0, 'select', 'users', 'login', 2, '2015-10-25 12:14:35', NULL),
(29, 0, 'select', 'users', 'login', 2, '2015-10-25 12:15:14', NULL),
(30, 0, 'select', 'users', 'login', 2, '2015-10-25 12:17:21', NULL),
(31, 0, 'select', 'users', 'login', 2, '2015-10-25 12:18:43', NULL),
(32, 0, 'select', 'users', 'login', 2, '2015-10-25 12:21:41', NULL),
(33, 0, 'select', 'users', 'login', 2, '2015-10-25 12:22:00', NULL),
(34, 0, 'select', 'users', 'login', 2, '2015-10-25 12:26:36', NULL),
(35, 0, 'select', 'events', 'all', 2, '2015-10-25 12:26:39', NULL),
(36, 0, 'select', 'users', 'all', 2, '2015-10-25 12:26:40', NULL),
(37, 0, 'select', 'users', 'all', 2, '2015-10-25 12:26:48', NULL),
(38, 0, 'select', 'users', 'login', 2, '2015-10-25 12:33:21', NULL),
(39, 0, 'select', 'users', 'login', 2, '2015-10-25 12:34:36', NULL),
(40, 0, 'select', 'users', 'login', 2, '2015-10-25 12:35:20', NULL),
(41, 0, 'select', 'users', 'login', 2, '2015-10-25 12:36:34', NULL),
(42, 0, 'select', 'users', 'login', 2, '2015-10-25 12:37:00', NULL),
(43, 0, 'select', 'users', 'login', 2, '2015-10-25 12:44:19', NULL),
(44, 0, 'select', 'users', 'login', 2, '2015-10-25 12:45:51', NULL),
(45, 0, 'select', 'users', 'login', 2, '2015-10-25 12:46:23', NULL),
(46, 0, 'select', 'users', 'login', 2, '2015-10-25 12:47:09', NULL),
(47, 0, 'select', 'users', 'login', 2, '2015-10-25 12:49:22', NULL),
(48, 0, 'select', 'users', 'login', 2, '2015-10-25 12:50:16', NULL),
(49, 0, 'select', 'expenditure_to_concerts', 'all', 2, '2015-10-25 12:50:17', NULL),
(50, 0, 'select', 'users', 'login', 2, '2015-10-25 12:52:36', NULL),
(51, 0, 'select', 'events', 'all', 2, '2015-10-25 12:52:42', NULL),
(52, 0, 'select', 'users', 'login', 2, '2015-10-25 12:54:56', NULL),
(53, 0, 'select', 'users', 'login', 2, '2015-10-25 12:56:34', NULL),
(54, 0, 'select', 'expenditure_to_concerts', 'all', 2, '2015-10-25 12:56:36', NULL),
(55, 0, 'select', 'users', 'login', 2, '2015-10-25 12:57:11', NULL),
(56, 0, 'select', 'users', 'login', 2, '2015-10-25 12:57:28', NULL),
(57, 0, 'select', 'users', 'all', 2, '2015-10-25 12:57:40', NULL),
(58, 0, 'select', 'users', 'login', 2, '2015-10-25 13:01:10', NULL),
(59, 0, 'select', 'events', 'all', 2, '2015-10-25 13:01:12', NULL),
(60, 0, 'select', 'users', 'all', 2, '2015-10-25 13:01:13', NULL),
(61, 0, 'select', 'users', 'all', 2, '2015-10-25 13:01:16', NULL),
(62, 0, 'select', 'users', 'login', 2, '2015-10-25 13:01:48', NULL),
(63, 0, 'select', 'users', 'login', 2, '2015-10-25 13:02:23', NULL),
(64, 0, 'select', 'users', 'login', 2, '2015-10-25 13:09:04', NULL),
(65, 0, 'select', 'users', 'login', 2, '2015-10-25 13:11:18', NULL),
(66, 0, 'select', 'users', 'login', 2, '2015-10-25 13:26:14', NULL),
(67, 0, 'select', 'users', 'login', 2, '2015-10-25 13:29:47', NULL),
(68, 0, 'select', 'users', 'login', 2, '2015-10-25 13:30:50', NULL),
(69, 0, 'select', 'users', 'all', 2, '2015-10-25 13:31:02', NULL),
(70, 0, 'select', 'expenditure_to_concerts', 'all', 2, '2015-10-25 13:31:04', NULL),
(71, 0, 'select', 'users', 'login', 2, '2015-10-25 13:39:02', NULL),
(72, 0, 'select', 'users', 'login', 2, '2015-10-25 23:11:58', NULL),
(73, 0, 'select', 'users', 'login', 2, '2015-10-25 23:24:01', NULL),
(74, 0, 'select', 'users', 'login', 2, '2015-10-25 23:25:38', NULL),
(75, 0, 'select', 'users', 'login', 2, '2015-10-25 23:30:20', NULL),
(76, 0, 'select', 'users', 'login', 2, '2015-10-25 23:30:52', NULL),
(77, 0, 'select', 'users', 'login', 2, '2015-10-25 23:31:29', NULL),
(78, 0, 'select', 'users', 'login', 2, '2015-10-25 23:31:48', NULL),
(79, 0, 'select', 'users', 'login', 2, '2015-10-25 23:50:58', NULL),
(80, 0, 'select', 'users', 'login', 2, '2015-10-26 00:09:45', NULL),
(81, 0, 'select', 'users', 'login', 2, '2015-10-26 00:16:06', NULL),
(82, 0, 'select', 'expenditure_to_concerts', 'all', 2, '2015-10-26 00:16:07', NULL),
(83, 0, 'Создание отчета ', 'users', 'Частота выступлений исполнителей', 0, '2015-10-26 00:16:11', NULL),
(84, 0, 'Создание отчета ', 'users', 'Задолженность по мероприятиям', 0, '2015-10-26 00:16:30', NULL),
(85, 0, 'Просмотр', 'users', 'записей по условию или сортировке', 0, '2015-10-26 00:24:08', NULL),
(86, 0, 'select', 'users', 'login', 2, '2015-10-26 00:24:09', NULL),
(87, 0, 'просмотр', 'concerts', 'всех записей', 2, '2015-10-26 00:24:10', NULL),
(88, 0, 'просмотр', 'performers_to_concerts', 'всех записей', 2, '2015-10-26 00:24:20', NULL),
(89, 0, 'просмотр', 'performers', 'всех записей', 2, '2015-10-26 00:24:20', NULL),
(90, 0, 'просмотр', 'concerts', 'всех записей', 2, '2015-10-26 00:24:20', NULL),
(91, 0, 'просмотр', 'performers', 'всех записей', 2, '2015-10-26 00:24:26', NULL),
(92, 0, 'просмотр', 'concerts', 'всех записей', 2, '2015-10-26 00:24:26', NULL),
(93, 0, 'просмотр', 'performers', 'всех записей', 2, '2015-10-26 00:24:31', NULL),
(94, 0, 'просмотр', 'city', 'всех записей', 2, '2015-10-26 00:24:32', NULL),
(95, 0, 'просмотр', 'city', 'всех записей', 2, '2015-10-26 00:24:37', NULL),
(96, 0, 'просмотр', 'performers', 'всех записей', 2, '2015-10-26 00:24:41', NULL),
(97, 0, 'просмотр', 'tickets', 'всех записей', 2, '2015-10-26 00:24:43', NULL),
(98, 0, 'Создание отчета ', 'users', 'Бюджеты мероприятий', 0, '2015-10-26 00:26:14', NULL),
(99, 0, 'Создание отчета ', 'users', 'Задолженность по мероприятиям', 0, '2015-10-26 00:26:17', NULL),
(100, 0, 'Создание отчета ', 'users', 'Частота выступлений исполнителей', 0, '2015-10-26 00:26:27', NULL),
(101, 0, 'Просмотр', 'null', 'записей по условию или сортировке', 0, '2015-10-26 00:29:25', NULL),
(102, 0, 'select', 'Пользователь', 'login', 2, '2015-10-26 00:29:26', NULL),
(103, 0, 'просмотр', 'Концерт', 'всех записей', 2, '2015-10-26 00:29:28', NULL),
(104, 0, 'просмотр', 'Пользователь', 'всех записей', 2, '2015-10-26 00:29:59', NULL),
(105, 0, 'просмотр', 'Событие', 'всех записей', 2, '2015-10-26 00:30:00', NULL),
(106, 0, 'просмотр', 'Пользователь', 'всех записей', 2, '2015-10-26 00:30:01', NULL),
(107, 0, 'Просмотр', 'null', 'записей по условию или сортировке', 0, '2015-10-26 00:33:29', NULL),
(108, 0, 'select', 'Пользователь', 'login', 2, '2015-10-26 00:33:30', NULL),
(109, 0, 'Создание отчета ', 'null', 'Журнал событий', 0, '2015-10-26 00:33:31', NULL),
(110, 0, 'просмотр', 'Пользователь', 'всех записей', 2, '2015-10-26 00:33:46', NULL),
(111, 0, 'Создание отчета ', 'null', 'Журнал событий', 0, '2015-10-26 00:33:49', NULL),
(112, 0, 'Создание отчета ', 'null', 'Журнал событий', 0, '2015-10-26 00:34:18', NULL),
(113, 0, 'Создание отчета ', 'null', 'Журнал событий', 0, '2015-10-26 00:34:21', NULL),
(114, 0, 'Просмотр', '', 'записей по условию или сортировке', 0, '2015-10-26 00:35:12', NULL),
(115, 0, 'select', 'Пользователь', 'login', 2, '2015-10-26 00:35:12', NULL),
(116, 0, 'Создание отчета ', '', 'Журнал событий', 0, '2015-10-26 00:35:15', NULL),
(117, 0, 'просмотр', 'Пользователь', 'всех записей', 2, '2015-10-26 00:35:22', NULL),
(118, 0, 'Создание отчета ', '', 'Журнал событий', 0, '2015-10-26 00:35:25', NULL),
(119, 0, 'Просмотр', '', 'записей по условию или сортировке', 0, '2015-10-26 00:38:06', NULL),
(120, 0, 'select', 'Пользователь', 'login', 2, '2015-10-26 00:38:06', NULL),
(121, 0, 'Создание отчета ', '', 'Журнал событий', 0, '2015-10-26 00:38:08', NULL),
(122, 0, 'просмотр', 'Пользователь', 'всех записей', 2, '2015-10-26 00:38:15', NULL),
(123, 0, 'Создание отчета ', '', 'Журнал событий', 0, '2015-10-26 00:38:17', NULL),
(124, 0, 'Просмотр', '', 'записей по условию или сортировке', 0, '2015-10-26 00:39:19', NULL),
(125, 0, 'select', 'Пользователь', 'login', 2, '2015-10-26 00:39:19', NULL),
(126, 0, 'Создание отчета ', '', 'Журнал событий', 0, '2015-10-26 00:39:21', NULL),
(127, 0, 'Просмотр', '', 'записей по условию или сортировке', 0, '2015-10-26 00:42:19', NULL),
(128, 0, 'select', 'Пользователь', 'login', 2, '2015-10-26 00:42:19', NULL),
(129, 0, 'Создание отчета ', '', 'Журнал событий', 0, '2015-10-26 00:42:23', NULL),
(130, 0, 'Просмотр', '', 'записей по условию или сортировке', 0, '2015-10-26 00:45:46', NULL),
(131, 0, 'select', 'Пользователь', 'login', 2, '2015-10-26 00:45:47', NULL),
(132, 0, 'Создание отчета ', '', 'Журнал событий', 0, '2015-10-26 00:45:49', NULL),
(133, 0, 'Просмотр', '', 'записей по условию или сортировке', 0, '2015-10-26 00:46:05', NULL),
(134, 0, 'select', 'Пользователь', 'login', 2, '2015-10-26 00:46:06', NULL),
(135, 0, 'Создание отчета ', '', 'Журнал событий', 0, '2015-10-26 00:46:07', NULL),
(136, 0, 'Создание отчета ', '', 'Журнал событий', 0, '2015-10-26 00:46:24', NULL),
(137, 0, 'Просмотр', '', 'записей по условию или сортировке', 0, '2015-10-26 00:46:41', NULL),
(138, 0, 'select', 'Пользователь', 'login', 2, '2015-10-26 00:46:42', NULL),
(139, 0, 'Создание отчета ', '', 'Журнал событий', 0, '2015-10-26 00:46:43', NULL),
(140, 0, 'Создание отчета ', '', 'Журнал событий', 0, '2015-10-26 00:46:54', NULL),
(141, 0, 'Просмотр', '', 'записей по условию или сортировке', 0, '2015-10-26 00:47:43', NULL),
(142, 0, 'select', 'Пользователь', 'login', 2, '2015-10-26 00:47:44', NULL),
(143, 0, 'Создание отчета ', '', 'Журнал событий', 0, '2015-10-26 00:47:45', NULL),
(144, 0, 'Просмотр', '', 'записей по условию или сортировке', 0, '2015-10-26 00:50:06', NULL),
(145, 0, 'select', 'Пользователь', 'login', 2, '2015-10-26 00:50:07', NULL),
(146, 0, 'Создание отчета ', '', 'Журнал событий', 0, '2015-10-26 00:50:08', NULL),
(147, 0, 'Просмотр', '', 'записей по условию или сортировке', 0, '2015-10-26 00:56:15', NULL),
(148, 0, 'select', 'Пользователь', 'login', 2, '2015-10-26 00:56:16', NULL),
(149, 0, 'Создание отчета ', '', 'Журнал событий', 0, '2015-10-26 00:56:19', NULL),
(150, 0, 'Просмотр', '', 'записей по условию или сортировке', 0, '2015-10-26 01:17:47', NULL),
(151, 0, 'select', 'Пользователь', 'login', 2, '2015-10-26 01:17:48', NULL),
(152, 0, 'Создание отчета ', '', 'Журнал событий', 0, '2015-10-26 01:17:49', NULL),
(153, 0, 'просмотр', 'Пользователь', 'всех записей', 2, '2015-10-26 01:17:56', NULL),
(154, 0, 'Создание отчета ', '', 'Журнал событий', 0, '2015-10-26 01:17:58', NULL),
(155, 0, 'Просмотр', '', 'записей по условию или сортировке', 0, '2015-10-26 01:19:02', NULL),
(156, 0, 'select', 'Пользователь', 'login', 2, '2015-10-26 01:19:02', NULL),
(157, 0, 'Создание отчета ', '', 'Журнал событий', 0, '2015-10-26 01:19:04', NULL),
(158, 0, 'Создание отчета ', '', 'Журнал событий', 0, '2015-10-26 01:19:07', NULL),
(159, 0, 'Просмотр', '', 'записей по условию или сортировке', 0, '2015-10-26 06:53:28', NULL),
(160, 0, 'select', 'Пользователь', 'login', 2, '2015-10-26 06:53:28', NULL),
(161, 0, 'Создание отчета ', '', 'Афиша выступающих', 0, '2015-10-26 06:53:31', NULL),
(162, 0, 'Просмотр', '', 'записей по условию или сортировке', 0, '2015-10-26 06:54:07', NULL),
(163, 0, 'select', 'Пользователь', 'login', 2, '2015-10-26 06:54:08', NULL),
(164, 0, 'Создание отчета ', '', 'Афиша выступающих', 0, '2015-10-26 06:54:10', NULL),
(165, 0, 'Просмотр', '', 'записей по условию или сортировке', 0, '2015-10-26 06:54:26', NULL),
(166, 0, 'select', 'Пользователь', 'login', 2, '2015-10-26 06:54:27', NULL),
(167, 0, 'просмотр', 'Расходы на концерт ', 'всех записей', 2, '2015-10-26 06:54:29', NULL),
(168, 0, 'Создание отчета ', '', 'Афиша выступающих', 0, '2015-10-26 06:54:32', NULL),
(169, 0, 'Просмотр', '', 'записей по условию или сортировке', 0, '2015-10-26 06:54:47', NULL),
(170, 0, 'select', 'Пользователь', 'login', 2, '2015-10-26 06:54:48', NULL),
(171, 0, 'Создание отчета ', '', 'Афиша выступающих', 0, '2015-10-26 06:54:49', NULL),
(172, 0, 'Просмотр', '', 'записей по условию или сортировке', 0, '2015-10-26 06:58:30', NULL),
(173, 0, 'select', 'Пользователь', 'login', 2, '2015-10-26 06:58:30', NULL),
(174, 0, 'Создание отчета ', '', 'Афиша выступающих', 0, '2015-10-26 06:58:32', NULL),
(175, 0, 'Просмотр', '', 'записей по условию или сортировке', 0, '2015-10-26 07:02:18', NULL),
(176, 0, 'select', 'Пользователь', 'login', 2, '2015-10-26 07:02:18', NULL),
(177, 0, 'Просмотр', '', 'записей по условию или сортировке', 0, '2015-10-26 07:02:43', NULL),
(178, 0, 'select', 'Пользователь', 'login', 2, '2015-10-26 07:02:43', NULL),
(179, 0, 'Создание отчета ', '', 'Афиша выступающих', 0, '2015-10-26 07:02:45', NULL),
(180, 0, 'Просмотр', '', 'записей по условию или сортировке', 0, '2015-10-26 07:03:27', NULL),
(181, 0, 'select', 'Пользователь', 'login', 2, '2015-10-26 07:03:27', NULL),
(182, 0, 'Создание отчета ', '', 'Журнал событий', 0, '2015-10-26 07:03:29', NULL),
(183, 0, 'просмотр', 'Расходы на концерт ', 'всех записей', 2, '2015-10-26 07:03:37', NULL),
(184, 0, 'Создание отчета ', '', 'Афиша выступающих', 0, '2015-10-26 07:03:39', NULL),
(185, 0, 'Создание отчета ', '', 'Афиша выступающих', 0, '2015-10-26 07:03:48', NULL),
(186, 0, 'Просмотр', '', 'записей по условию или сортировке', 0, '2015-10-26 07:14:52', NULL),
(187, 0, 'select', 'Пользователь', 'login', 2, '2015-10-26 07:14:53', NULL),
(188, 0, 'Просмотр', '', 'записей по условию или сортировке', 0, '2015-10-26 07:17:00', NULL),
(189, 0, 'select', 'Пользователь', 'login', 2, '2015-10-26 07:17:01', NULL),
(190, 0, 'Просмотр', '', 'записей по условию или сортировке', 0, '2015-10-26 07:17:36', NULL),
(191, 0, 'select', 'Пользователь', 'login', 2, '2015-10-26 07:17:37', NULL),
(192, 0, 'Просмотр', '', 'записей по условию или сортировке', 0, '2015-10-26 07:21:00', NULL),
(193, 0, 'select', 'Пользователь', 'login', 2, '2015-10-26 07:21:00', NULL),
(194, 0, 'Просмотр', '', 'записей по условию или сортировке', 0, '2015-10-26 07:21:55', NULL),
(195, 0, 'select', 'Пользователь', 'login', 2, '2015-10-26 07:21:55', NULL),
(196, 0, 'Просмотр', '', 'записей по условию или сортировке', 0, '2015-10-26 07:23:33', NULL),
(197, 0, 'select', 'Пользователь', 'login', 2, '2015-10-26 07:23:34', NULL),
(198, 0, 'Создание отчета ', '', 'Афиша выступающих', 0, '2015-10-26 07:23:36', NULL),
(199, 0, 'Создание отчета ', '', 'Журнал событий', 0, '2015-10-26 07:23:42', NULL),
(200, 0, 'Просмотр', '', 'записей по условию или сортировке', 0, '2015-10-26 07:30:23', NULL),
(201, 0, 'select', 'Пользователь', 'login', 2, '2015-10-26 07:30:24', NULL),
(202, 0, 'Создание отчета ', '', 'Журнал событий', 0, '2015-10-26 07:30:26', NULL),
(203, 0, 'Просмотр', '', 'записей по условию или сортировке', 0, '2015-10-26 07:31:24', NULL),
(204, 0, 'select', 'Пользователь', 'login', 2, '2015-10-26 07:31:25', NULL),
(205, 0, 'Создание отчета ', '', 'Афиша выступающих', 0, '2015-10-26 07:31:27', NULL),
(206, 0, 'Создание отчета ', '', 'Задолженность по мероприятиям', 0, '2015-10-26 07:31:31', NULL),
(207, 0, 'Создание отчета ', '', 'Журнал событий', 0, '2015-10-26 07:31:38', NULL),
(208, 0, 'Просмотр', '', 'записей по условию или сортировке', 0, '2015-10-26 07:32:49', NULL),
(209, 0, 'select', 'Пользователь', 'login', 2, '2015-10-26 07:32:50', NULL),
(210, 0, 'Создание отчета ', '', 'Журнал событий', 2, '2015-10-26 07:32:52', NULL),
(211, 0, 'Создание отчета ', '', 'Журнал событий', 2, '2015-10-26 07:32:58', NULL),
(212, 0, 'Создание отчета ', '', 'Афиша выступающих', 2, '2015-10-26 07:33:04', NULL),
(213, 0, 'Создание отчета ', '', 'Журнал событий', 2, '2015-10-26 07:33:07', NULL),
(214, 0, 'Создание отчета ', '', 'Афиша выступающих', 2, '2015-10-26 07:33:15', NULL),
(215, 0, 'Просмотр', '', 'записей по условию или сортировке', 0, '2015-10-26 07:48:16', NULL),
(216, 0, 'select', 'Пользователь', 'login', 2, '2015-10-26 07:48:17', NULL),
(217, 0, 'Создание отчета ', '', 'Афиша мероприятий', 2, '2015-10-26 07:48:20', NULL),
(218, 0, 'Создание отчета ', '', 'Афиша выступающих', 2, '2015-10-26 07:48:28', NULL),
(219, 0, 'Создание отчета ', '', 'Частота выступлений исполнителей', 2, '2015-10-26 07:48:40', NULL),
(220, 0, 'Создание отчета ', '', 'Бюджеты мероприятий', 2, '2015-10-26 07:48:47', NULL),
(221, 0, 'Создание отчета ', '', 'Задолженность по мероприятиям', 2, '2015-10-26 07:48:50', NULL),
(222, 0, 'Создание отчета ', '', 'Задолженность по мероприятиям', 2, '2015-10-26 08:00:22', NULL),
(223, 0, 'Просмотр', '', 'записей по условию или сортировке', 0, '2015-10-26 08:04:40', NULL),
(224, 0, 'select', 'Пользователь', 'login', 2, '2015-10-26 08:04:41', NULL),
(225, 0, 'Создание отчета ', '', 'Афиша выступающих', 2, '2015-10-26 08:04:43', NULL),
(226, 0, 'Создание отчета ', '', 'Бюджеты мероприятий', 2, '2015-10-26 08:04:45', NULL),
(227, 0, 'Просмотр', '', 'записей по условию или сортировке', 0, '2015-10-26 08:05:35', NULL),
(228, 0, 'select', 'Пользователь', 'login', 2, '2015-10-26 08:05:35', NULL),
(229, 0, 'Создание отчета ', '', 'Журнал событий', 2, '2015-10-26 08:05:37', NULL),
(230, 0, 'Создание отчета ', '', 'Афиша выступающих', 2, '2015-10-26 08:05:42', NULL),
(231, 0, 'Создание отчета ', '', 'Афиша мероприятий', 2, '2015-10-26 08:05:49', NULL),
(232, 0, 'Создание отчета ', '', 'Задолженность по мероприятиям', 2, '2015-10-26 08:06:20', NULL),
(233, 0, 'Просмотр', '', 'записей по условию или сортировке', 0, '2015-10-26 08:20:43', NULL),
(234, 0, 'select', 'Пользователь', 'login', 2, '2015-10-26 08:20:44', NULL),
(235, 0, 'Создание отчета ', '', 'Продаваемость билетов', 2, '2015-10-26 08:20:47', NULL),
(236, 0, 'Просмотр', '', 'записей по условию или сортировке', 0, '2015-10-26 08:21:57', NULL),
(237, 0, 'select', 'Пользователь', 'login', 2, '2015-10-26 08:21:57', NULL),
(238, 0, 'Создание отчета ', '', 'Продаваемость билетов', 2, '2015-10-26 08:22:00', NULL),
(239, 0, 'Создание отчета ', '', 'Журнал событий', 2, '2015-10-26 08:22:07', NULL),
(240, 0, 'Создание отчета ', '', 'Продаваемость билетов', 2, '2015-10-26 08:22:19', NULL),
(241, 0, 'Просмотр', '', 'записей по условию или сортировке', 0, '2015-10-26 08:40:03', NULL),
(242, 0, 'select', 'Пользователь', 'login', 2, '2015-10-26 08:40:04', NULL),
(243, 0, 'Создание отчета ', '', 'Задолженность по исполнителям', 2, '2015-10-26 08:40:09', NULL),
(244, 0, 'Создание отчета ', '', 'Задолженность по исполнителям', 2, '2015-10-26 08:40:17', NULL),
(245, 0, 'Создание отчета ', '', 'Продаваемость билетов', 2, '2015-10-26 08:40:47', NULL),
(246, 0, 'Создание отчета ', '', 'Задолженность по исполнителям', 2, '2015-10-26 08:40:51', NULL),
(247, 0, 'Просмотр', '', 'записей по условию или сортировке', 0, '2015-10-26 08:45:22', NULL),
(248, 0, 'select', 'Пользователь', 'login', 2, '2015-10-26 08:45:23', NULL),
(249, 0, 'Создание отчета ', '', 'Задолженность по исполнителям', 2, '2015-10-26 08:45:27', NULL),
(250, 0, 'Просмотр', '', 'записей по условию или сортировке', 0, '2015-10-26 22:12:32', NULL),
(251, 0, 'select', 'Пользователь', 'login', 2, '2015-10-26 22:12:33', NULL),
(252, 0, 'Создание отчета ', '', 'Прибыльность мероприятий', 2, '2015-10-26 22:12:37', NULL),
(253, 0, 'Просмотр', '', 'записей по условию или сортировке', 0, '2015-10-26 22:14:01', NULL),
(254, 0, 'select', 'Пользователь', 'login', 2, '2015-10-26 22:14:01', NULL),
(255, 0, 'просмотр', 'Расходы на концерт ', 'всех записей', 2, '2015-10-26 22:14:04', NULL),
(256, 0, 'Создание отчета ', '', 'Афиша выступающих', 2, '2015-10-26 22:14:05', NULL),
(257, 0, 'Создание отчета ', '', 'Афиша мероприятий', 2, '2015-10-26 22:14:07', NULL),
(258, 0, 'Создание отчета ', '', 'Частота выступлений исполнителей', 2, '2015-10-26 22:14:09', NULL),
(259, 0, 'Создание отчета ', '', 'Бюджеты мероприятий', 2, '2015-10-26 22:14:11', NULL),
(260, 0, 'Создание отчета ', '', 'Задолженность по мероприятиям', 2, '2015-10-26 22:14:16', NULL),
(261, 0, 'Создание отчета ', '', 'Задолженность по исполнителям', 2, '2015-10-26 22:14:19', NULL),
(262, 0, 'Создание отчета ', '', 'Задолженность по исполнителям', 2, '2015-10-26 22:14:22', NULL),
(263, 0, 'Создание отчета ', '', 'Продаваемость билетов', 2, '2015-10-26 22:14:26', NULL),
(264, 0, 'Создание отчета ', '', 'Прибыльность мероприятий', 2, '2015-10-26 22:14:49', NULL),
(265, 0, 'Создание отчета ', '', 'Продаваемость билетов', 2, '2015-10-26 22:15:02', NULL),
(266, 0, 'Просмотр', '', 'записей по условию или сортировке', 0, '2015-10-26 22:18:31', NULL),
(267, 0, 'select', 'Пользователь', 'login', 2, '2015-10-26 22:18:31', NULL),
(268, 0, 'Создание отчета ', '', 'Продаваемость билетов', 2, '2015-10-26 22:18:35', NULL),
(269, 0, 'просмотр', 'Участники концертов', 'всех записей', 2, '2015-10-26 22:19:46', NULL),
(270, 0, 'просмотр', 'Концерт', 'всех записей', 2, '2015-10-26 22:19:48', NULL),
(271, 0, 'просмотр', 'Участники концертов', 'всех записей', 2, '2015-10-26 22:19:50', NULL),
(272, 0, 'просмотр', 'Исполнители', 'всех записей', 2, '2015-10-26 22:19:51', NULL),
(273, 0, 'просмотр', 'Участники концертов', 'всех записей', 2, '2015-10-26 22:19:53', NULL),
(274, 0, 'просмотр', 'Контрагент', 'всех записей', 2, '2015-10-26 22:19:54', NULL),
(275, 0, 'Создание отчета ', '', 'Журнал событий', 2, '2015-10-26 22:20:05', NULL),
(276, 0, 'просмотр', 'Исполнители', 'всех записей', 2, '2015-10-26 22:20:08', NULL),
(277, 0, 'просмотр', 'Город', 'всех записей', 2, '2015-10-26 22:20:09', NULL),
(278, 0, 'просмотр', 'Участники концертов', 'всех записей', 2, '2015-10-26 22:20:12', NULL),
(279, 0, 'Просмотр', '', 'записей по условию или сортировке', 0, '2015-10-26 22:20:52', NULL),
(280, 0, 'select', 'Пользователь', 'login', 2, '2015-10-26 22:20:53', NULL),
(281, 0, 'просмотр', 'Участники концертов', 'всех записей', 2, '2015-10-26 22:20:54', NULL),
(282, 0, 'Просмотр', '', 'записей по условию или сортировке', 0, '2015-10-26 22:25:21', NULL),
(283, 0, 'Просмотр', '', 'записей по условию или сортировке', 0, '2015-10-26 22:26:56', NULL),
(284, 0, 'select', 'Пользователь', 'login', 2, '2015-10-26 22:26:56', NULL),
(285, 0, 'Создание отчета ', '', 'Журнал событий', 2, '2015-10-26 22:26:59', NULL),
(286, 0, 'просмотр', 'Контрагент', 'всех записей', 2, '2015-10-26 22:27:02', NULL),
(287, 0, 'Создание отчета ', '', 'Афиша мероприятий', 2, '2015-10-26 22:27:03', NULL),
(288, 0, 'просмотр', 'Концерт', 'всех записей', 2, '2015-10-26 22:27:09', NULL),
(289, 0, 'просмотр', 'Концерт', 'всех записей', 2, '2015-10-26 22:27:13', NULL),
(290, 0, 'просмотр', 'Концерт', 'всех записей', 2, '2015-10-26 22:27:17', NULL),
(291, 0, 'Просмотр', '', 'записей по условию или сортировке', 0, '2015-10-26 22:28:17', NULL),
(292, 0, 'select', 'Пользователь', 'login', 2, '2015-10-26 22:28:17', NULL),
(293, 0, 'просмотр', 'Участники концертов', 'всех записей', 2, '2015-10-26 22:28:19', NULL),
(294, 0, 'просмотр', 'Исполнители', 'всех записей', 2, '2015-10-26 22:28:19', NULL),
(295, 0, 'просмотр', 'Концерт', 'всех записей', 2, '2015-10-26 22:28:19', NULL),
(296, 0, 'Просмотр', '', 'записей по условию или сортировке', 0, '2015-10-26 22:29:16', NULL),
(297, 0, 'select', 'Пользователь', 'login', 2, '2015-10-26 22:29:17', NULL),
(298, 0, 'просмотр', 'Концерт', 'всех записей', 2, '2015-10-26 22:29:18', NULL),
(299, 298, 'Добавление', 'Событие', '', 2, '2015-10-26 22:29:28', NULL),
(300, 0, 'Просмотр', '', 'записей по условию или сортировке', 0, '2015-10-26 22:37:21', NULL),
(301, 0, 'select', 'Пользователь', 'login', 2, '2015-10-26 22:37:21', NULL),
(302, 0, '', 'Пользователь', 'Выход из системы', 2, '2015-10-26 22:37:24', NULL),
(303, 0, 'Просмотр', '', 'записей по условию или сортировке', 0, '2015-10-26 22:38:39', NULL),
(304, 0, '', 'Пользователь', 'Вход в систему', 2, '2015-10-26 22:38:40', NULL),
(305, 0, 'Создание отчета ', '', 'Афиша выступающих', 2, '2015-10-26 22:38:54', NULL),
(306, 0, 'Создание отчета ', '', 'Афиша мероприятий', 2, '2015-10-26 22:38:55', NULL),
(307, 0, 'Создание отчета ', '', 'Задолженность по мероприятиям', 2, '2015-10-26 22:38:56', NULL),
(308, 0, 'просмотр', 'Концерт', 'всех записей', 2, '2015-10-26 22:39:22', NULL),
(309, 0, 'просмотр', 'Исполнители', 'всех записей', 2, '2015-10-26 22:39:25', NULL),
(310, 0, 'просмотр', 'Город', 'всех записей', 2, '2015-10-26 22:39:25', NULL),
(311, 0, 'просмотр', 'Город', 'всех записей', 2, '2015-10-26 22:39:43', NULL),
(312, 0, 'Просмотр', '', 'записей по условию или сортировке', 0, '2015-10-26 23:01:38', NULL),
(313, 0, '', 'Пользователь', 'Вход в систему', 2, '2015-10-26 23:01:39', NULL),
(314, 0, 'Создание отчета ', '', 'Журнал событий', 2, '2015-10-26 23:01:41', NULL),
(315, 0, 'Просмотр', '', 'записей по условию или сортировке', 0, '2015-10-26 23:04:16', NULL),
(316, 0, '', 'Пользователь', 'Вход в систему', 2, '2015-10-26 23:04:16', NULL),
(317, 0, 'Создание отчета ', '', 'Журнал событий', 2, '2015-10-26 23:04:19', NULL),
(318, 0, 'просмотр', 'Расходы на концерт ', 'всех записей', 2, '2015-10-26 23:04:31', NULL),
(319, 0, 'Создание отчета ', '', 'Журнал событий', 2, '2015-10-26 23:04:33', NULL),
(320, 0, 'просмотр', 'Пользователь', 'всех записей', 2, '2015-10-26 23:05:12', NULL),
(321, 0, 'Создание отчета ', '', 'Журнал событий', 2, '2015-10-26 23:06:33', NULL),
(322, 0, 'Просмотр', '', 'записей по условию или сортировке', 0, '2015-10-26 23:07:57', NULL),
(323, 0, '', 'Пользователь', 'Вход в систему', 2, '2015-10-26 23:07:57', NULL),
(324, 0, 'Создание отчета ', '', 'Журнал событий', 2, '2015-10-26 23:08:00', NULL),
(325, 0, 'Просмотр', '', 'записей по условию или сортировке', 0, '2015-10-27 20:43:35', NULL),
(326, 0, '', 'Пользователь', 'Вход в систему', 2, '2015-10-27 20:43:36', NULL),
(327, 0, 'Просмотр', '', 'записей по условию или сортировке', 0, '2015-10-27 23:03:23', NULL),
(328, 0, '', 'Пользователь', 'Вход в систему', 2, '2015-10-27 23:03:23', NULL),
(329, 0, 'Создание отчета ', '', 'Журнал событий', 2, '2015-10-27 23:03:25', NULL),
(330, 0, 'просмотр', 'Концерт', 'всех записей', 2, '2015-10-27 23:09:14', NULL),
(331, 0, 'Просмотр', '', 'записей по условию или сортировке', 0, '2015-10-27 23:17:24', NULL),
(332, 0, '', 'Пользователь', 'Вход в систему', 2, '2015-10-27 23:17:25', NULL),
(333, 0, 'просмотр', 'Концерт', 'всех записей', 2, '2015-10-27 23:17:28', NULL),
(334, 4, 'Обновление', 'Концерт', '', 2, '2015-10-27 23:17:30', NULL),
(335, 0, 'просмотр', 'Концерт', 'всех записей', 2, '2015-10-27 23:17:30', NULL),
(336, 4, 'Обновление', 'Концерт', '', 2, '2015-10-27 23:17:39', NULL),
(337, 0, 'просмотр', 'Концерт', 'всех записей', 2, '2015-10-27 23:17:39', NULL),
(338, 4, 'Обновление', 'Концерт', '', 2, '2015-10-27 23:17:44', NULL),
(339, 0, 'просмотр', 'Концерт', 'всех записей', 2, '2015-10-27 23:17:44', NULL),
(340, 4, 'Обновление', 'Концерт', '', 2, '2015-10-27 23:17:51', NULL),
(341, 0, 'просмотр', 'Концерт', 'всех записей', 2, '2015-10-27 23:17:51', NULL),
(342, 4, 'Обновление', 'Концерт', '', 2, '2015-10-27 23:17:59', NULL),
(343, 0, 'просмотр', 'Концерт', 'всех записей', 2, '2015-10-27 23:17:59', NULL),
(344, 4, 'Обновление', 'Концерт', '', 2, '2015-10-27 23:18:05', NULL),
(345, 0, 'просмотр', 'Концерт', 'всех записей', 2, '2015-10-27 23:18:05', NULL),
(346, 4, 'Обновление', 'Концерт', '', 2, '2015-10-27 23:18:17', NULL),
(347, 0, 'просмотр', 'Концерт', 'всех записей', 2, '2015-10-27 23:18:17', NULL),
(348, 2, 'Обновление', 'Концерт', '', 2, '2015-10-27 23:18:23', NULL),
(349, 0, 'просмотр', 'Концерт', 'всех записей', 2, '2015-10-27 23:18:23', NULL),
(350, 2, 'Обновление', 'Концерт', '', 2, '2015-10-27 23:18:29', NULL),
(351, 0, 'просмотр', 'Концерт', 'всех записей', 2, '2015-10-27 23:18:29', NULL),
(352, 3, 'Обновление', 'Концерт', '', 2, '2015-10-27 23:18:51', NULL),
(353, 0, 'просмотр', 'Концерт', 'всех записей', 2, '2015-10-27 23:18:51', NULL),
(354, 1, 'Обновление', 'Концерт', '', 2, '2015-10-27 23:19:06', NULL),
(355, 0, 'просмотр', 'Концерт', 'всех записей', 2, '2015-10-27 23:19:06', NULL),
(356, 1, 'Обновление', 'Концерт', '', 2, '2015-10-27 23:19:12', NULL),
(357, 0, 'просмотр', 'Концерт', 'всех записей', 2, '2015-10-27 23:19:12', NULL),
(358, 0, 'просмотр', 'Концерт', 'всех записей', 2, '2015-10-27 23:20:09', NULL),
(359, 0, 'Просмотр', '', 'записей по условию или сортировке', 0, '2015-10-27 23:22:12', NULL),
(360, 0, '', 'Пользователь', 'Вход в систему', 2, '2015-10-27 23:22:13', NULL),
(361, 0, 'просмотр', 'Концерт', 'всех записей', 2, '2015-10-27 23:22:15', NULL),
(362, 3, 'Обновление', 'Концерт', '', 2, '2015-10-27 23:22:18', NULL),
(363, 0, 'просмотр', 'Концерт', 'всех записей', 2, '2015-10-27 23:22:18', NULL),
(364, 1, 'Обновление', 'Концерт', '', 2, '2015-10-27 23:22:49', NULL),
(365, 0, 'просмотр', 'Концерт', 'всех записей', 2, '2015-10-27 23:22:49', NULL),
(366, 2, 'Обновление', 'Концерт', '', 2, '2015-10-27 23:23:13', NULL),
(367, 0, 'просмотр', 'Концерт', 'всех записей', 2, '2015-10-27 23:23:13', NULL),
(368, 3, 'Обновление', 'Концерт', '', 2, '2015-10-27 23:23:38', NULL),
(369, 0, 'просмотр', 'Концерт', 'всех записей', 2, '2015-10-27 23:23:38', NULL),
(370, 4, 'Обновление', 'Концерт', '', 2, '2015-10-27 23:23:57', NULL),
(371, 0, 'просмотр', 'Концерт', 'всех записей', 2, '2015-10-27 23:23:57', NULL),
(372, 4, 'Обновление', 'Концерт', '', 2, '2015-10-27 23:24:00', NULL),
(373, 0, 'просмотр', 'Концерт', 'всех записей', 2, '2015-10-27 23:24:00', NULL),
(374, 0, 'просмотр', 'Концерт', 'всех записей', 2, '2015-10-27 23:24:09', NULL),
(375, 0, 'Просмотр', '', 'записей по условию или сортировке', 0, '2015-10-27 23:24:56', NULL),
(376, 0, '', 'Пользователь', 'Вход в систему', 2, '2015-10-27 23:24:56', NULL),
(377, 0, 'просмотр', 'Концерт', 'всех записей', 2, '2015-10-27 23:24:58', NULL),
(378, 0, 'просмотр', 'Концерт', 'всех записей', 2, '2015-10-27 23:25:00', NULL),
(379, 0, 'Просмотр', '', 'записей по условию или сортировке', 0, '2015-10-27 23:26:47', NULL),
(380, 0, '', 'Пользователь', 'Вход в систему', 2, '2015-10-27 23:26:48', NULL),
(381, 0, 'просмотр', 'Концерт', 'всех записей', 2, '2015-10-27 23:26:49', NULL),
(382, 381, 'Добавление', 'Концерт', '', 2, '2015-10-27 23:26:56', NULL),
(383, 0, 'просмотр', 'Концерт', 'всех записей', 2, '2015-10-27 23:26:56', NULL),
(384, 0, 'просмотр', 'Контрагент', 'всех записей', 2, '2015-10-27 23:27:02', NULL),
(385, 0, 'просмотр', 'Концерт', 'всех записей', 2, '2015-10-27 23:27:03', NULL),
(386, 0, 'просмотр', 'Участники концертов', 'всех записей', 2, '2015-10-27 23:30:00', NULL),
(387, 0, 'просмотр', 'Исполнители', 'всех записей', 2, '2015-10-27 23:30:00', NULL),
(388, 0, 'просмотр', 'Концерт', 'всех записей', 2, '2015-10-27 23:30:00', NULL),
(389, 5, 'Добавление', 'Участники концертов', '', 2, '2015-10-27 23:30:08', NULL),
(390, 0, 'просмотр', 'Участники концертов', 'всех записей', 2, '2015-10-27 23:30:08', NULL),
(391, 0, 'просмотр', 'Концерт', 'всех записей', 2, '2015-10-27 23:30:21', NULL),
(392, 4, 'Обновление', 'Концерт', '', 2, '2015-10-27 23:30:27', NULL),
(393, 0, 'просмотр', 'Концерт', 'всех записей', 2, '2015-10-27 23:30:28', NULL),
(394, 3, 'Обновление', 'Концерт', '', 2, '2015-10-27 23:30:32', NULL),
(395, 0, 'просмотр', 'Концерт', 'всех записей', 2, '2015-10-27 23:30:32', NULL),
(396, 2, 'Обновление', 'Концерт', '', 2, '2015-10-27 23:30:36', NULL),
(397, 0, 'просмотр', 'Концерт', 'всех записей', 2, '2015-10-27 23:30:36', NULL),
(398, 1, 'Обновление', 'Концерт', '', 2, '2015-10-27 23:30:41', NULL),
(399, 0, 'просмотр', 'Концерт', 'всех записей', 2, '2015-10-27 23:30:41', NULL),
(400, 0, 'просмотр', 'Участники концертов', 'всех записей', 2, '2015-10-27 23:30:50', NULL),
(401, 0, 'просмотр', 'Исполнители', 'всех записей', 2, '2015-10-27 23:30:52', NULL),
(402, 0, 'просмотр', 'Концерт', 'всех записей', 2, '2015-10-27 23:31:08', NULL),
(403, 6, 'Добавление', 'Концерт', '', 2, '2015-10-27 23:31:15', NULL),
(404, 0, 'просмотр', 'Концерт', 'всех записей', 2, '2015-10-27 23:31:15', NULL),
(405, 6, 'Обновление', 'Концерт', '', 2, '2015-10-27 23:31:25', NULL),
(406, 0, 'просмотр', 'Концерт', 'всех записей', 2, '2015-10-27 23:31:25', NULL),
(407, 0, 'просмотр', 'Концерт', 'всех записей', 2, '2015-10-27 23:31:28', NULL),
(408, 407, 'Добавление', 'Концерт', '', 2, '2015-10-27 23:31:39', NULL),
(409, 0, 'просмотр', 'Концерт', 'всех записей', 2, '2015-10-27 23:31:39', NULL),
(410, 0, 'Просмотр', '', 'записей по условию или сортировке', 0, '2015-10-27 23:34:28', NULL),
(411, 0, '', 'Пользователь', 'Вход в систему', 2, '2015-10-27 23:34:28', NULL),
(412, 0, 'просмотр', 'Концерт', 'всех записей', 2, '2015-10-27 23:34:30', NULL),
(413, 0, 'просмотр', 'Концерт', 'всех записей', 2, '2015-10-27 23:34:34', NULL),
(414, 7, 'Добавление', 'Концерт', '', 2, '2015-10-27 23:34:52', NULL),
(415, 0, 'просмотр', 'Концерт', 'всех записей', 2, '2015-10-27 23:34:52', NULL),
(416, 0, 'просмотр', 'Пользователь', 'всех записей', 2, '2015-10-27 23:34:59', NULL),
(417, 6, 'Добавление', 'Пользователь', '', 2, '2015-10-27 23:35:32', NULL),
(418, 0, 'просмотр', 'Пользователь', 'всех записей', 2, '2015-10-27 23:35:32', NULL),
(419, 6, 'Обновление', 'Пользователь', '', 2, '2015-10-27 23:35:40', NULL),
(420, 0, 'просмотр', 'Пользователь', 'всех записей', 2, '2015-10-27 23:35:40', NULL),
(421, 0, 'Просмотр', '', 'записей по условию или сортировке', 0, '2015-10-27 23:37:26', NULL),
(422, 0, '', 'Пользователь', 'Вход в систему', 2, '2015-10-27 23:37:26', NULL),
(423, 0, 'просмотр', 'Пользователь', 'всех записей', 2, '2015-10-27 23:37:29', NULL),
(424, 6, 'Обновление', 'Пользователь', '', 2, '2015-10-27 23:37:34', NULL),
(425, 0, 'просмотр', 'Пользователь', 'всех записей', 2, '2015-10-27 23:37:34', NULL),
(426, 0, 'Просмотр', '', 'записей по условию или сортировке', 0, '2015-10-27 23:37:47', NULL),
(427, 0, '', 'Пользователь', 'Вход в систему', 6, '2015-10-27 23:37:48', NULL),
(428, 0, 'Создание отчета ', '', 'Журнал событий', 6, '2015-10-27 23:37:50', NULL),
(429, 0, 'Просмотр', '', 'записей по условию или сортировке', 0, '2015-10-27 23:40:05', NULL),
(430, 0, '', 'Пользователь', 'Вход в систему', 2, '2015-10-27 23:40:06', NULL),
(431, 0, 'просмотр', 'Участники концертов', 'всех записей', 2, '2015-10-27 23:40:17', NULL),
(432, 0, 'просмотр', 'Контрагент', 'всех записей', 2, '2015-10-27 23:40:22', NULL),
(433, 0, '', 'Пользователь', 'Выход из системы', 2, '2015-10-27 23:40:25', NULL),
(434, 0, 'Просмотр', '', 'записей по условию или сортировке', 0, '2015-10-27 23:40:51', NULL),
(435, 0, '', 'Пользователь', 'Вход в систему', 2, '2015-10-27 23:40:52', NULL),
(436, 0, 'Создание отчета ', '', 'Журнал событий', 2, '2015-10-27 23:40:56', NULL),
(437, 0, 'просмотр', 'Пользователь', 'всех записей', 2, '2015-10-27 23:40:58', NULL),
(438, 0, 'просмотр', 'Пользователь', 'всех записей', 2, '2015-10-27 23:41:01', NULL),
(439, 0, 'просмотр', 'Концерт', 'всех записей', 2, '2015-10-27 23:43:01', NULL),
(440, 0, 'просмотр', 'Участники концертов', 'всех записей', 2, '2015-10-27 23:43:02', NULL),
(441, 0, 'просмотр', 'Пользователь', 'всех записей', 2, '2015-10-27 23:43:20', NULL),
(442, 0, 'Просмотр', '', 'записей по условию или сортировке', 0, '2015-10-28 16:26:39', NULL),
(443, 0, '', 'Пользователь', 'Вход в систему', 2, '2015-10-28 16:26:40', NULL),
(444, 0, 'просмотр', 'Исполнители', 'всех записей', 2, '2015-10-28 16:26:41', NULL),
(445, 0, 'просмотр', 'Город', 'всех записей', 2, '2015-10-28 16:26:43', NULL),
(446, 1, 'Обновление', 'Исполнители', '', 2, '2015-10-28 16:26:44', NULL),
(447, 0, 'просмотр', 'Исполнители', 'всех записей', 2, '2015-10-28 16:26:44', NULL),
(448, 0, 'Создание отчета ', '', 'Журнал событий', 2, '2015-10-28 16:26:48', NULL),
(449, 0, 'Просмотр', '', 'записей по условию или сортировке', 0, '2015-10-28 20:32:45', NULL),
(450, 0, '', 'Пользователь', 'Вход в систему', 2, '2015-10-28 20:32:46', NULL),
(451, 0, 'Просмотр', '', 'записей по условию или сортировке', 0, '2015-10-28 20:33:41', NULL),
(452, 0, '', 'Пользователь', 'Вход в систему', 2, '2015-10-28 20:33:41', NULL),
(453, 0, 'Просмотр', '', 'записей по условию или сортировке', 0, '2015-10-28 20:34:42', NULL),
(454, 0, '', 'Пользователь', 'Вход в систему', 2, '2015-10-28 20:34:43', NULL),
(455, 0, 'Просмотр', '', 'записей по условию или сортировке', 0, '2015-10-28 20:39:26', NULL),
(456, 0, '', 'Пользователь', 'Вход в систему', 2, '2015-10-28 20:39:26', NULL),
(457, 0, 'Просмотр', '', 'записей по условию или сортировке', 0, '2015-10-28 20:40:10', NULL),
(458, 0, '', 'Пользователь', 'Вход в систему', 2, '2015-10-28 20:40:10', NULL),
(459, 0, 'Просмотр', '', 'записей по условию или сортировке', 0, '2015-10-28 20:40:55', NULL),
(460, 0, '', 'Пользователь', 'Вход в систему', 2, '2015-10-28 20:40:56', NULL),
(461, 0, 'Просмотр', '', 'записей по условию или сортировке', 0, '2015-10-28 20:41:53', NULL),
(462, 0, '', 'Пользователь', 'Вход в систему', 2, '2015-10-28 20:41:54', NULL),
(463, 0, 'Просмотр', '', 'записей по условию или сортировке', 0, '2015-10-28 20:42:57', NULL),
(464, 0, '', 'Пользователь', 'Вход в систему', 2, '2015-10-28 20:42:57', NULL),
(465, 0, 'просмотр', 'Концерт', 'всех записей', 2, '2015-10-28 20:43:03', NULL),
(466, 0, 'Просмотр', '', 'записей по условию или сортировке', 0, '2015-10-28 20:44:50', NULL),
(467, 0, '', 'Пользователь', 'Вход в систему', 2, '2015-10-28 20:44:50', NULL),
(468, 0, 'просмотр', 'Концерт', 'всех записей', 2, '2015-10-28 20:44:52', NULL),
(469, 0, 'просмотр', 'Концерт', 'всех записей', 2, '2015-10-28 20:45:15', NULL),
(470, 0, 'просмотр', 'Концерт', 'всех записей', 2, '2015-10-28 20:45:18', NULL),
(471, 0, 'Просмотр', '', 'записей по условию или сортировке', 0, '2015-10-28 20:46:09', NULL),
(472, 0, '', 'Пользователь', 'Вход в систему', 2, '2015-10-28 20:46:10', NULL),
(473, 0, 'просмотр', 'Концерт', 'всех записей', 2, '2015-10-28 20:46:13', NULL),
(474, 0, 'просмотр', 'Концерт', 'всех записей', 2, '2015-10-28 20:46:17', NULL),
(475, 0, 'Просмотр', '', 'записей по условию или сортировке', 0, '2015-10-28 20:57:33', NULL),
(476, 0, '', 'Пользователь', 'Вход в систему', 2, '2015-10-28 20:57:34', NULL),
(477, 0, 'Просмотр', '', 'записей по условию или сортировке', 0, '2015-10-28 21:02:30', NULL),
(478, 0, '', 'Пользователь', 'Вход в систему', 2, '2015-10-28 21:02:31', NULL),
(479, 0, 'просмотр', 'Пользователь', 'всех записей', 2, '2015-10-28 21:02:36', NULL),
(480, 0, 'просмотр', 'Уровни досмтупа', 'всех записей', 2, '2015-10-28 21:02:37', NULL),
(481, 5, 'Обновление', 'Пользователь', '', 2, '2015-10-28 21:02:49', NULL),
(482, 0, 'просмотр', 'Пользователь', 'всех записей', 2, '2015-10-28 21:02:49', NULL),
(483, 0, 'просмотр', 'Уровни досмтупа', 'всех записей', 2, '2015-10-28 21:02:55', NULL);

-- 
-- Вывод данных для таблицы tickets
--
INSERT INTO tickets VALUES
(1, 1, 'Детский', 2.00, 20, 10, '', '2015-10-26 21:24:36', NULL),
(2, 1, 'Взрослый', 3.00, 30, 15, NULL, '2015-10-26 21:24:38', NULL),
(3, 1, 'Детский', 1.00, 10, 5, NULL, '2015-10-26 21:24:27', NULL);

-- 
-- Вывод данных для таблицы type_expenditure
--
INSERT INTO type_expenditure VALUES
(1, 'Реклама', '2015-10-23 23:19:46', NULL),
(2, 'Транспорт', '2015-10-23 23:19:46', NULL),
(3, 'Разрешения', '2015-10-23 23:19:46', NULL),
(4, 'Гостиницы', '2015-10-23 23:19:46', NULL),
(5, 'Питание', '2015-10-23 23:19:46', NULL),
(6, 'Распространение билетов', '2015-10-23 23:19:46', NULL),
(7, 'Спонсор', '2015-10-23 23:19:46', NULL);

-- 
-- Вывод данных для таблицы city
--
INSERT INTO city VALUES
(1, 'Киев', 1, '2015-10-24 20:58:50', NULL),
(2, 'Одесса', 1, '2015-10-24 20:58:52', NULL),
(3, 'Нью-Йорк', 2, '2015-10-24 21:05:45', '2015-10-24 21:05:45'),
(4, 'Берлин', 3, '2015-10-24 20:58:58', NULL);

-- 
-- Вывод данных для таблицы users
--
INSERT INTO users VALUES
(2, 'admin', 'Вася', '+380634564563', 1, '698d51a19d8a121ce581499d7b701668', '2015-10-26 23:06:17', '2015-10-21 22:40:15'),
(3, 'manager', 'Марина', '+380634564563', 2, '698d51a19d8a121ce581499d7b701668', '2015-10-26 23:06:25', '2015-10-24 15:30:18'),
(4, 'operator', 'Петя', '+380634564563', 3, '698d51a19d8a121ce581499d7b701668', '2015-10-26 23:06:27', '2015-10-21 22:40:21'),
(5, 'director', 'Катя', '+380634564563', 3, '698d51a19d8a121ce581499d7b701668', '2015-10-28 21:02:49', '2015-10-28 21:02:49'),
(6, 'qqq', 'qqq', 'qq', 1, '698d51a19d8a121ce581499d7b701668', '2015-10-27 23:37:34', '2015-10-27 23:37:34');

-- 
-- Вывод данных для таблицы contragent
--
INSERT INTO contragent VALUES
(1, 'СПД Иванов', 2, NULL, NULL, NULL, '2015-10-26 08:44:29', NULL),
(2, 'ООО Разалия', 2, NULL, NULL, NULL, '2015-10-26 08:44:32', NULL),
(3, 'ЧП Викторов', 2, NULL, NULL, NULL, '2015-10-26 08:44:35', NULL);

-- 
-- Вывод данных для таблицы performers
--
INSERT INTO performers VALUES
(1, 'Madonna', 3, '3', 'тмтми', 'итим', '2015-10-28 16:26:44', '2015-10-28 16:26:44'),
(2, 'Трубетской', 1, '1', 'апр', 'апра', '2015-10-25 13:22:17', '2015-10-24 22:57:37'),
(3, 'апр', 4, '2', 'рап', 'рап', '2015-10-25 13:22:20', '2015-10-24 22:58:09');

-- 
-- Вывод данных для таблицы expenditure_to_concerts
--
INSERT INTO expenditure_to_concerts VALUES
(1, 1, 2, 1, 100, 50, NULL, '2015-10-26 08:44:48', NULL),
(2, 1, 1, 2, 200, 10, NULL, '2015-10-26 08:44:59', NULL),
(3, 2, 1, 3, 300, 40, NULL, '2015-10-26 08:45:01', NULL),
(4, 2, 1, 1, -400, 0, NULL, '2015-10-26 08:45:03', NULL);

-- 
-- Вывод данных для таблицы performers_to_concerts
--
INSERT INTO performers_to_concerts VALUES
(1, 2, 1, 346, 234, '2015-10-25 23:59:29', NULL),
(2, 1, 4, 3456, 423, '2015-10-25 23:59:30', NULL),
(3, 2, 3, 444, 444, '2015-10-26 00:07:14', NULL),
(4, 2, 4, 345, 34, '2015-10-25 23:59:32', NULL),
(5, 3, 2, 32, 23, '2015-10-27 23:30:08', NULL);

-- 
-- Восстановить предыдущий режим SQL (SQL mode)
-- 
/*!40101 SET SQL_MODE=@OLD_SQL_MODE */;

-- 
-- Включение внешних ключей
-- 
/*!40014 SET FOREIGN_KEY_CHECKS=@OLD_FOREIGN_KEY_CHECKS */;